,lr,weight-decay,accuracy
0,0.01,0.0001,0.391760574881594
1,0.01,0.0005,0.3909439817083129
2,0.001,0.0001,0.37922586967172955
3,0.001,0.0005,0.37595949697860526
