,model,dataset,noise_type,noise_ratio,accuracy,std
0,lpm,roman-empire,uniform,0.0,0.05698905847966671,0.040547498169309006
1,lpm,roman-empire,uniform,0.2,0.04997176267206669,0.019110613930062883
2,lpm,roman-empire,uniform,0.4,0.05324391230940819,0.028827568322973663
3,lpm,roman-empire,uniform,0.6,0.06570067167282104,0.04731796338756612
4,lpm,roman-empire,uniform,0.8,0.09417931661009789,0.06262351709438843
